id,genre,title,keywords,hashtags,channel_name
yZH6NYQjlEE,Motivation ,Little girl asks Dr. Abdul Kalam's SUCCESS MANTRA - MUST WATCH,Motivation,#Motivation,@captiontree
Ru8p2DNJCaU,News,palki sharma's reply to a foreign journalist,News update,#indiangdp,@motivationfactory.s23
GmtOXCP5ogE,Knowledge ,What is Recession? | Nitish Rajput |,Recession,#indiangdp,@nitishrajputshorts
ysvzPpgeQ1o,Facts,How silicon valley manipulate every person,Knowledge,#shorts,@nitishrajputshorts
CDFX9HG7yiM,Experiments,Did we just defy the gravity?,teaching,#theoryofphysics #eddycurrent,@Theory_of_Physics
-98U3yhj0Pg,Experiments,Eddy current ,teaching,#eddycurrent #vigyanrecharge #engineering,@VigyanRecharge
TyUi3rnqe30,Experiments,Electromagnet,teaching,#electromagnet #VigyanRecharge #engineering,@VigyanRecharge
MsaE357pgTc,Technology,Modern Car repairment system,Jugaad,#engineering #VigyanRecharge,@VigyanRecharge
x5aCC52Qnz8,Technology,size_impact_protection_system,Jugaad,#vigyanrecharge #science #engineering #vigyan,@VigyanRecharge
xdJxCJRwWao,Motivation ,Motivational Video by Sonu Sharma,Motivation by Sonu Sharama,#shorts Sonu Sharma motivational video,@CryptoRealidea1
ncqHtfcgZNw,Educational,Shocking results üò≤,science and fun by ashu sir, #science  #funny  #ashusir #scienceandfun,@scienceandfun
P06djK74VhM,Educational,Is swallowing chewing gum harmful ? | Science experiment,science and fun by ashu sir,#shorts #science #experiment #chemistry,@scienceandfun
xH5ofENKcjQ,Educational,Free Fall Of Paper üò≥,science and fun by ashu sir,#scienceexperiment #experiment #shorts #funnyvideo,@scienceandfun
RTmfXvF30oI,Educational,Kya kya chipka sakte hai isse ?,science and fun by ashu sir,#shorts #science #physics #experiment,@scienceandfun
AnAXk58d2NE,Educational,Enjoy karo lekin safety ke saath,science and fun by ashu sir,#science #facts #chemistry,@scienceandfun
cUf-B70Gqfc,Educational,Apna bhi try karlo ghar pe,science and fun by ashu sir,#science #facts #chemistry,@scienceandfun
77xOAp8hDAI,General Knowledge,INDIA'S Stand On ISRAEL Palestine Conflict |, Nitish Rajput , #shorts,@nitishrajputshorts
gBjzk2YOUUk,nature and wildlife,The Cute Superfish üê†,mortal jellyfish,#nature,@MrScientific
b570qU1kbL0,nature and wildlife,Wildlife Photography & Videography ‚ù£Ô∏èNikon D7500 Dslr With 600mm Lens üì∏, wildlife photography,#short @Hunter_Photography,@MrScientific
PVVCHlZUnns,nature and wildlife,¬øNature & wildlife photography ..!, wildlife photography,#nature #wildlife,@dhanyaakash9383
zRE6-sQhEok,nature and wildlife,Wildlife Photography On canon 200 mark 2, wildlife photography,#viral #photographer,@Hunter_Photography
ecTup8upzvA,nature and wildlife,The most important thing in Wildlife Photography is?, wildlife photography,#viral #photographer,@WillGoodlet
imhMmjYmWqU,nature and wildlife,creative mobile photography with lion, wildlife photography, #photography #viral ,@editormaker608
v6cjM51YvWw,nature and wildlife,Learn the key secrets to become a successful nature & wildlife photographer with Paul Nicklen, wildlife photography,#learnphotography #masterofphotography,@MastersofPhotography
yt5-UjVWH9Y,Cricket,Virat Enjoying when fans Chants '',Hamari Bhabhi kaisi ho Sara Bhabhi jaisi ho,#cricket  #sara,@CRICYUG11
#NAME?,Cricket,Imagine this is Future of Cricket,indian cricket,#cricket #shorts,@MrCricketShorts
REB0hGLd45w,Cricket,Sa vs Ban 23rd Match Highlights,highlights,#indvsnep #cricketshorts,@MrCricketShorts
7W7NncLMHTg,Cricket,Wait For Indian Bowling,Sports Cricket India Bowling,#Cricket #shorts,@sffsportsfunfitness469
W8EplWWsA4E,Cricket, indian cricketers attitude status,Power of Indians,#Cricket ,@Thundereditzzz
TQEVcjQl4dk,Cricket,The Revenge.,Sports Cricket India Bowling,#Cricket #shorts,@Princeeditz.18
t4DQloQz-r8,Cricket,Highest Powerplay Score in T20,highest cricket scores,#cricket#shorts,@cricketwithgultu
26Cb3Ms6Evs,Cricket,Unbreakable Records in Cricket,unbreakable record,#cricket#shorts,@beingcricket4601
iD_MKB94W1k,Cricket,Yuvraaj Sigma rule ~~,Hit six sixes in a over,#cricket#shorts,@Cricket_shadow21
utRpNloPlS8,Cricket,Bowling Run out Chris gayle heart touching moment,Chris gayle Bowling,#cricket#shorts,@MonsterKing004
9v0V7pmSVaQ,Cricket,RCB All Records In IPL ,rcb ,#cricket#shorts,@Crickrow
tdZeRWE7e3g,Cricket,Top 10 Longest Sixes in Cricket History,longest sixes,#cricket#shorts,@worldtop4u
4rOA-bWfiOI,Cricket,INDIA vs Pakistan,Final Over T20 world cup 2022 | Ind vs Pak last over,#cricket#shorts,@BATBALL13
e3t0k1LkmwI,football,Goalkeeper,saving goal,#viral #trending #football #CR7,@theMaxiCoreOfficial
xxFdKtqQd6A,football,Neymar Sigma,sigma,#trending #viralshorts,@theMaxiCoreOfficial
tx7QTH9DSs0,football,Cristiano Ronaldo Sigma,sigma,#trending #viralshorts,@theMaxiCoreOfficial
vuniXRkm-3Y,football,Neymar Creative Skills,neymar ,#trending #viralshorts #raremomentsinfootball,@theMaxiCoreOfficial
F9K-vkSrJao,football,Sunil Chhetri,sports football indian team ,#sunilchhetri #football #footballshorts ,@TechBoyYoutube
lFU-WtnmBIs,football,Ronaldo Most Humiliating Skills In football,sports,#football #cr7 #shortsfeed #sports,@RAN7HD
l1LIkI5nG9w,sports,Counter attacking play at its best,table tennis,#sports #tabletennis,@WTTGlobal
eD-R_aNuTQ0,sports,Table tennis advanced techniques,table tennis,#tabletennis,@LarsAwesomeFacts
hszpFZ_iMmE,sports,"Can't stop at all, its so enjoyable",badmintion,#reels #badminton #viral,@badmintonaddiction8693
cnWcFEyVth8,sports,Day 75/75 Hard Challenge,75 day hard,#fitness #motivation #workout,@Ankitbaiyanpuria
Hji2DyVJ9FA,sports,75 Hard Challenge | Ankit Baiyanpuria,75 day hard,#ramrambhaisarane #ankitbaiyanpuriya #75hardchallenge,@Ankitbaiyanpuria
UY55emY46Ow,sports,Muscle fiber Ankit Baiyanpuria,75 day hard,#ramrambhaisarane #ankitbaiyanpuriya #75hardchallenge,@Ankitbaiyanpuria
XqcxPwXHeJk,sports,220 kg Deadlift | Desi power | Ankit Baiyanpuria,75 day hard,#ramrambhaisarane #ankitbaiyanpuriya #75hardchallenge,@Ankitbaiyanpuria
7NXO4ekCDEs,sports,Gym boy squats challenge to desi boy,gym squats,#ramrambhaisarane #ankitbaiyanpuriya #75hardchallenge,@Ankitbaiyanpuria
8KnVdu6eaTU,sports,day 13/75 hard challenge,75 day hard, #fitness #motivation #workout ,@Javedfitness786
X6Jj2h6TXzw,sports,Day 1/75 Hard Challenge,76 day hard, #fitness #motivation #workout ,@Ankitbaiyanpuria
JWQ4wwkalQo,sports,Sigma Magnus Carlsen,chess,#chess,@GothamChess
fqz8_AI5aaY,sports,Magnus Carlsen VS Bill Gates CHESS ...is 30 SECONDS enough?,chess,#chess,@Greatname
LtM_P36cUX4,funny,SIGMA RULE  ASHISH CHANCHLANI,guessing movie name,#entertainment #funny #vines,@Alonejod-01
cpHfWk2p-ho,standup_comedy,Cutting & Shaving,funny standup,#standupcomedy #indianstandupcomedy,@mightbevivekyt
eVDgXxERqac,standup_comedy,App Developer,funny standup developer,#standupcomedy #indianstandupcomedy,@mightbevivekyt
UMmovTLU6QU,standup_comedy,Stoners,funny stoners comedy,#standupcomedy #indianstandupcomedy,@mightbevivekyt
ZsKputuUD2U,standup_comedy,harsh Gujral Problem in Car & Bus Stand up comedy ft Harsh Gujral,comedy funny,#viralshorts,@comedynights6512
1lJAMvCMJc4,standup_comedy,Vimal Pan Masala | Standup Comedy by Harsh Gujral,funny comedy harsh,#standupcomedy #backwardajay #funnyvideo,@BackwardAjay
6hbpAwLvd8Y,standup_comedy,Vicky kaushal & Bangkok with dad |stand up comedy by harsh gujral,funny comedy,|#viral #shorts #short #harshgujral,@deadlaunda
3Hf5ON5tQQw,standup_comedy,Nibbe bhench#d Bangkok stand up comedy by harsh gujral ,comedy funny,|#viral #shorts #short #harshgujral,@deadlaunda
gE67wwPn9Rc,standup_comedy,Introduction @AnubhavSinghBassi,intro,#shortscomedy #standupcomedy,@beabassi
jbCTM1WdUC0,standup_comedy,GYM Abhishek Upmanyu Stand up comedy ,roasting friend,#shortscomedy #standupcomedy,@STANDUP0308
VaiKp6VDCQ,standup_comedy,Which Paan? | Aakash Gupta,fire paan,#shortscomedy #standupcomedy,@AakashGupta
fUa5cFot6vU,standup_comedy,Cheenk | Aakash Gupta,jokes on sneezing,#shortscomedy #standupcomedy,@AakashGupta
QH0vTw3eV2k,standup_comedy,God Bless | Aakash Gupta |,jokes on sneezing,#shortscomedy #standupcomedy,@AakashGupta
_kwGDmQ9HFc,standup_comedy,Rumaal Comedy Shorts  Aakash Gupta,Jokes about Men & women Handkerchiefs, #standupcomedy #shorts,@AakashGupta
wEyMgs9YVt0,funny,THE TEACHER DHOKHA OF THE CENTURY ,Ashish chanchlani short video,#ashishchanchlani #trollface #shorts,@Alonejod-01
E-4zSF4ZZGs,funny,THE HARAMI STUDENTS üëπ || aaj tho inke maje ho gaye ü§£ ||,funny vines ashish chanchalani,#Ashish chanchlani,@Alonejod-01
P8CcoPo04dg,funny,Screen Lock Password Hack,comedy video funny entertainment,#dushyantkukreja #shorts,@Dushyant_kukreja
s4UiwxJB0wU,funny,Overacting girls,entertainment funny video ,#dushyantkukreja #shorts,@Dushyant_kukreja
AMleWBzVRAo,funny,Aeroplane ‚úàÔ∏è ki window seat,fun comedy masti,#dushyantkukreja #shorts,@Dushyant_kukreja
elUDtpjwrDw,funny,Badal Barsa Bijuli üåßÔ∏è Rain Dance üíÉ,funny vines comedy fun,#dushyantkukreja #shorts,@Dushyant_kukreja
S0byBP_h2Qc,funny,You should be attentive üòÇ@Priyal_Kukreja,funny entertainment,#dushyantkukreja #shorts,@Dushyant_kukreja
AlLZt7uQyVw,funny,Bb ki vines - | BB Ne Police Wale Ko Gaali Di,üòÇüòÇ Most Funny status,#viralvideo #shorts,@hastejao
uneb_twiVIU,funny,Shimla Hotel - BB Ki Vinss | BhuvanBam,entertainment acting vines,#bbkivines #bbkivineslatestvideo #bbkivinesshort,@bbkivinesshots5160
9BXvPwpeMPU,funny,Best Ashish chanchlani funny video,Ashish chanchlani short video,#Ashish chanchlani,@mr.perfect7524
qZQluhGrjXA,funny,Every Class Vivaü§£ | Ashish Chanchlani,Ashish chanchlani short video,#Ashish chanchlani,@riyaeditz1729
5pbptVB6_10,funny,Ashish chanchlani || 9th ‡§î‡§∞ 10th ‡§ï‡•á ‡§¨‡§ö‡•ç‡§ö‡•á,Ashish chanchlani short video,#ashishchanchlani #trollface #shorts #viral #funny,@Alonejod-01
eJKb2rRwDyw,funny,THE BACKBENCHERS üòà || celebration of the year ü§£||,Ashish chanchlani short video,#ashishchanchlani #shorts #backbenchers,@Alonejod-01
KiW1sj5dmG0,funny,Funny Animal Videos Of The Day 0030!,funny animals,#fyp #memes #memedaily #dankmemes,@topklassanimalmemes
96ic622O7no,movie,Rose pays Jack to draw her ~ titanic,titanic,#adult #romantic,@loversparadise6492
NUWecsqTAcw,movie,Young Leonardo Dicaprio Titanic Do You Love Him Scene,titanic,#adult #romantic #scenes,@ItsBooming
2D1mhMfnyYU,reels,ashleel instagram reels||ashleel reels||ashleel reels short||bhavana appu,instagram,#adult #explicit,@Jatt05
VsLqMAFC7O4,tiktok,Adults reels | Instagram reels |tiktok |,tiktok,#INSTAGRAMREELS #short,@instagramreels4858
cKtveNGiapg,cartoon,pokemon Bahar Agya  instagram reels Roast,Cartoon,#shorttrendingviralmillion,@NEPPAHADI002
w6G6WktoosQ,instagram reels,Blind Ranking Girls Kissing,3 Guys Blind Rank 6 Girls Kissing,#nsfw #adult,@DavidAlvareeezy
84jCADT-npE,photography,TUNNEL VISION,Photography,#photography #creative,@jordikoalitic
CkOc4T_1Wwk,Sports,Unique Shot‚ö°by Misbah ul haq,Cricket,#sports #cricket #shots #batsmen,cricekt
-6gaXWJ3Tcc,NEWS,How has Hamas attacked Israel,Geoploloitcs,#palestine #news #upsc,news
HqEbine4eik,NEWS,Why does the superpower want to capture Afghanistan?,Geoploloitcs,#afganistan #nitishrajput,@studyiqofficial
#NAME?,Sports,Which current batter would Matthew Hayden like to open with?,"Cricket, Sports,Worldcup", #iccworldcup2023 #worldcup2023 #cwc2023,@espncricinfo
PNt3qsb74DU,Comedy,"End tak dekho guys ‚Ä¶..,,","Comedy,Funny,End tak dekho guys",#stanfam #comedy #comedyfilms #funny #comedymoments,@stanboss1
aFdnKhZt7tM,"History, Politics",Britain has Historical Amnesia Dr Shashi Tharoor,"Politics,History,Geopolitics",##politics #geopolitics #history #colonialrule,@ShashiTharoorOfficial
zm6ufKyxDWM,"History,Religion",Wait for Savage reply ü§£ Jai Shri Ram,"Wait for Savage reply ü§£ Jai Shri Ram üôè #shorts #independenceday #jaishreeram #trendingshorts #mahadev #hindu #mahadev #hindurashtra #mahakal üü¢ This video for only educations purpos üî¥ Disclaimer : This video is not meant to hurt any caste,religion or any community please don't take it personal it's just for entertainment and Made for educational purpose üî¥ important The following video contains content that may be",#shorts #independenceday #jaishreeram #trendingshorts #mahadev #hindu #mahadev #hindurashtra #mahakal,@ig_Dharmayug
7ycLDnv2Gpw,"Exam,Study",Worlds Toughest Examüò± | Gaokao,"Study, Exams",#upsc #jee #jeemains #jeemain #iit #iitjee #iitbombay #iitdelhi #gaokao #china #chinese #entranceexam #universitylife #university #exampreparation #exam #trending #trendingshort #competition #competitive #competitiveexams #ias #is #ips #neet #neet2023 #upscpreparation #upsc2023 #upscmains #students #knowledge #knowledgeispower #facts #trendingtopic #unknownfacts #factshorts,@TheGrowWiser
_oAkFfhIt-w,"Geopolitics,News",The west simply cannot accept India's growth story - palki sharma upadhyay,"Geoploitics,LEARN SOMETHING NEW BY JOINING US AND GROW ALONG TOGETHERüìà. WE UPLOAD SUCH SHORT VIDEOS THAT HELP YOU TO INSPIRE AND GET MOTIVATED BY THE GREAT SPEECHES AND PODCASTS OF SUCCESSFUL PEOPLE WHICH IS ATTRACTIVELY",#shorts  #india #growth #population #china #growingindia #bharat #success #education #inspiration #palaksharma #indian #narendramodi #motivation #inspiration #success #growth #shortsfeed,@motivationfactory.s23
JcQ8Xt6OeTY,Tech,IRCTC Ka *Ye Crazy Hack* Aapko Pata Nahi Hoga!!,"Tech,Doston welcome to the world of Trakin Shorts. Yaha aap ko dekhne milenge bahot saare interesting videos to jaldi se subscribe kijiye aur video ko like aur share karna na bhoole",#shorts #tech #irctc,@TrakinShorts
YiUoRNlwDMc,Economics,Who Exposed Harshad Mehta ? | Insider Information | #shorts | Investographer,Join Big Bulls Club : https://pric.app/p3tX Benefits of Big Bulls Club : ‚úÖ Exclusive Live market Session (Daily 2.30 PM) ‚úÖ Swing trade ideas (with SL and targets) ‚úÖ Investment Ideas & Updates ‚úÖ Exclusive Sessions And much more...,#investment #finance ,@Investographer
KFCCmvP7qqI,Study,Why did I take drop for IIT-JEE? #shorts #iit #iitbombay #jee #motivation #viral #trending,Why did I take drop for IIT-JEE? #shorts #iit #iitbombay #jee #motivation #viral #trending,#shorts #iit #iitbombay #jee #motivation #viral #trending,@HimanshuRajIITB
gxO_sMo4TEY,Comedy,"Comedy,Funny,Note: These Voices Are AI Generated. Kindly Don't Take Anything Seriously. The Dialogues In This Video Are Not Said By Them In Real Life. Thank You. Presidents Trying To Guess The Word ""N""","Comedy,Funny,Note: These Voices Are AI Generated. Kindly Don't Take Anything Seriously. The Dialogues In This Video Are Not Said By Them In Real Life. Thank You. Presidents Trying To Guess The Word ""N""",#comedy #aritificialintelligence ,@FunnyFusions
2g10KkyaS0s,Economics,"Finance,Economics,Purchasing power parity (PPP) is an economic theory of exchange rate determination. It states that the price levels between two countries should be equal. üî∏For example, if the price of a Coca Cola in the US was 1$ and it was ‚Çπ50 in the India then the INR/USD exchange rate should be ‚Çπ50 i.e real value of 1$ = ‚Çπ50 according to the PPP theory. - However, if you were then to look at the market exchange rate of the INR/USD pair, it is actually closer to 1$ = ‚Çπ80. The discrepancy occurs because the purchasing power of these currencies is different. üî∏As with any asset, there is the real value of a currency and the notional value, which financial markets trade at. The aim of the PPP measurement is to make comparisons between two currencies more valid, by adjusting for local purchasing power differences. ‚û°Ô∏èPS: The point of this reel is just to introduce the concept of PPP and not to compare US education vs Indian education as each has its own pros and cons. Source: Ig.com . . . . . . . . . . ","Finance,Economics,Purchasing power parity (PPP) is an economic theory of exchange rate determination. It states that the price levels between two countries should be equal. üî∏For example, if the price of a Coca Cola in the US was 1$ and it was ‚Çπ50 in the India then the INR/USD exchange rate should be ‚Çπ50 i.e real value of 1$ = ‚Çπ50 according to the PPP theory. - However, if you were then to look at the market exchange rate of the INR/USD pair, it is actually closer to 1$ = ‚Çπ80. The discrepancy occurs because the purchasing power of these currencies is different. üî∏As with any asset, there is the real value of a currency and the notional value, which financial markets trade at. The aim of the PPP measurement is to make comparisons between two currencies more valid, by adjusting for local purchasing power differences. ‚û°Ô∏èPS: The point of this reel is just to introduce the concept of PPP and not to compare US education vs Indian education as each has its own pros and cons. Source: Ig.com . . . . . . . . . . ",#college #education #abroad #salary #moneymanagement #personalfinance,@tejasjosh.i
HDx1ovGOYk4,Comedy,"Comedy,Funny,Sobo/South Delhi gurlz OP | Sobo Girl |","Comedy,Funny,Sobo/South Delhi gurlz OP | Sobo Girl |",#comedy  #sobo #sobogirls #shorts,"
@yashlalwani"
Rq7QIvZCLpg,"Religion,History","Actor Vikram reminds us of the incredible architectural wonders nestled within our own nation. While we often look at iconic global landmarks like the pyramids or the Leaning Tower of Pisa, it's important to recognize India's exceptional heritage & temples like Thanjavur. What's more, these temples have endured six earthquakes, a testament to the engineering mastery of our ancestors. While the world appreciates structures that falter, we have living, breathing testaments to our architectural prowess. Vikram's message is clear: let's take pride in our rich culture and heritage. Before we rush to foreign shores, let's explore the extraordinary architectural gems right here in India. It's time to celebrate our heritage, embrace our culture, and share the wonder of our India with the world. ________________________________________________ Video Credits: @viralbollywood ________________________________________________ SUBSCRIBE to @Learn with Jaspal and Join me in the Journey to learn something new every day.‚ú® _______________________________________ #shorts #IncredibleIndia #vikram #india #temple #ThanjavurTemple #CulturalHeritage #IndianArt #TempleArchitecture #CholaDynasty #Travel #learnwithjaspal #motivation #inspiration #india #speech #podcast _____________________________________ This content doesn‚Äôt belong to us, it is edited and shared only for the purpose of awareness, and if the content OWNER (visual/audio) of this content has any issue, we request you to directly message me, thus we sort out the outcome.‚Å£‚Å£‚Å£‚Å£‚Å£‚Å£‚Å£‚Å£‚Å£‚Å£ Regards,‚Å£‚Å£‚Å£‚Å£‚Å£‚Å£‚Å£‚Å£‚Å£ Team LWJ","Actor Vikram reminds us of the incredible architectural wonders nestled within our own nation. While we often look at iconic global landmarks like the pyramids or the Leaning Tower of Pisa, it's important to recognize India's exceptional heritage & temples like Thanjavur. What's more, these temples have endured six earthquakes, a testament to the engineering mastery of our ancestors. While the world appreciates structures that falter, we have living, breathing testaments to our architectural prowess. Vikram's message is clear: let's take pride in our rich culture and heritage. Before we rush to foreign shores, let's explore the extraordinary architectural gems right here in India. It's time to celebrate our heritage, embrace our culture, and share the wonder of our India with the world. ________________________________________________ Video Credits: @viralbollywood ________________________________________________ SUBSCRIBE to @Learn with Jaspal and Join me in the Journey to learn something new every day.‚ú® _______________________________________ #shorts #IncredibleIndia #vikram #india #temple #ThanjavurTemple #CulturalHeritage #IndianArt #TempleArchitecture #CholaDynasty #Travel #learnwithjaspal #motivation #inspiration #india #speech #podcast _____________________________________ This content doesn‚Äôt belong to us, it is edited and shared only for the purpose of awareness, and if the content OWNER (visual/audio) of this content has any issue, we request you to directly message me, thus we sort out the outcome.‚Å£‚Å£‚Å£‚Å£‚Å£‚Å£‚Å£‚Å£‚Å£‚Å£ Regards,‚Å£‚Å£‚Å£‚Å£‚Å£‚Å£‚Å£‚Å£‚Å£ Team LWJ",#history  #shorts #IncredibleIndia #vikram #india #temple #ThanjavurTemple #CulturalHeritage #IndianArt #TempleArchitecture #CholaDynasty #Travel #learnwithjaspal #motivation #inspiration #india #speech #podcast,@LearnwithJaspal
VIDiOpse08s,Comedy,chal hatt samne seüòí nahata bhi nhi kabhi üòÇ,chal hatt samne seüòí nahata bhi nhi kabhi üòÇ #viral #funny #iit #jee #shorts #shortsvideo #winter #fun,#neet #iit #jee #kotafactory #funny #motivation #jeetubhaiya #jeemains #motivational #neetbiology #neetexam #neet2022 #neetmotivation #neetpreparation #neetphysics #neetug #jeemains #jeeadvanced #jeemain #jee2022 #jeepreparation #physics #physicswallah #physicswallah_alakh_pandey #physics_by_exampur #exam #exampreparation #exammotivation #iitjee #iitjam #iitjeemaths #iitdelhi #viral #viral_video #viralshorts #viralvideo #viralvideos #trending #trendingvideo #trend #upsc #upscmotivation #upscaspirants #coaching #funnymoments #shorts #shortsfeed #shortvideo #shortsvideo #parents #love #viral,@TheDawningSon21405
Stbnxs7ASt8,Comedy,India vs Pakistan best seats!,"Comedy,Cricket",#comedy #rjabhinav #sports,@AlsoAbhinav
Bnj8Kldqr3o,Tech,No license required Air Gun Colt 1911 Special Combat Classic,"Introducing the Colt 1911 Special Combat Classic CO2 BB Pistol in 4.5mm (.177cal) ‚Äì a must-have addition for enthusiasts of 1911 guns. As soon as you grip this pistol, you'll be captivated by its remarkable weight, dimensions, and lifelike authenticity. watch full video here - https://youtu.be/PcfvmDBMKoE Special Bombat Colt 1911 Classic co2 powered air gun specs Type - Semiauto BB Air Pistol This is a Non blowback gun Power - 12-gram CO2 cartridge Magazine capacity - 20round removable BB Magazine Sight - Fully adjustable rear sight Sight - The fixed front sight has a white alignment dot Action - Double & single-action Safety - Manual safety (1911 grip safety is non-functional) Weaver accessory rail under the barrel Mostly metal with plastic grips Up to 100 shots per CO2 cartridge You do not need a license for this air gun as it is .177 cal, this can be used for aim practice, muscle memory training and also in films.",#tech #information ,@gogi
FOYYsOeArMY,Travel,#19 RUSSIA-CHINA border ke pass akele bhatak gaye,"Travel, Bike,Mongolia border pe motorcycle ride",#travel #china,@WanderDa
cFaNfhTvy_o,Cricket,3 Kg Iron Ball Vs English Willow Bat üò±,"Cricket,Funny,Experiment",#cricketwithvishal #shorts,@CricketWithVishal
D_WO7DMlp1g,Politics,What a Roast | Suresh Chavhanke v Digvijay Singh,"What a Roast | Suresh Chavhanke v Digvijay Singh #share #shortsvideo @TattvaAurTark #sanatandharma #bharat #shorts #waitforend Suresh Chavhanke is an Indian journalist who is the current chairman, managing director (CMD) and the editor-in-chief of Sudarshan News (Sudarshan TV Channel Limited). He is the anchor of TV show bindas Bol. Digvijaya Singh is an Indian politician and a Member of Parliament in the Rajya Sabha. He is Ex-General Secretary of the Indian National Congress party's All India Congress Committee. Previously, he had served as the 14th Chief Minister of Madhya Pradesh, a central Indian state, for two terms from 1993 to 2003. Prior to that he was a minister in Chief Minister Arjun Singh's cabinet between 1980 and 1984. In 2019 Lok Sabha elections he was defeated by Pragya Singh Thakur for Bhopal Lok Sabha seat.",#share #shortsvideo @TattvaAurTark #sanatandharma #bharat #shorts #waitforend,@TattvaAurTark
eaHLuO7N22E,Mathematics,Ramanujan Attitude Statusüî•The Greatest Mathematician Of Indiaüòà | The Man Who Know infinity #viral,"SUBSCRIBE to @TheBloomySpace and join me in the Journey to learn something new every day‚ú® ==================================== Follow me on:- üëâInstagram: https://www.instagram.com/incredible_radhikaa/ üëâ LinkedIn: http://linkedin.com/in/radhika-sarraf-910601155 üëâ YouTube: https://www.youtube.com/@TheBloomySpace ‚óà‚óà‚óà‚óà‚óà‚óàMUSIC USED‚óà‚óà‚óà‚óà‚óà‚óà‚óà Aasman Ko Chukar - @YoutubeMusicLibrary ‚óà‚óà‚óà‚óà‚óà‚óà‚óà‚óà‚óà‚óà‚óà‚óà‚óà‚óà‚óà‚óà‚óà‚óà‚óà‚óà‚óà‚óà‚óà If you liked the video Please Do Subscribe My Channel and be a part of the learning communityü§ç‚ú® Thank you for Watching! ==================================== * Copyright Disclaimer Under Section 107 of the Copyright Act 1976, allowance is made for ""fair use"" for purposes such as criticism, commenting, news reporting, teaching, scholarship, and research. Fair use is a use permitted by copyright statutes that might otherwise be infringing. Non-profit, educational, or personal use tips the balance in favor of fair use. This content doesn't belong to me, it is edited and shared only for the purpose of awareness, and if the content OWNER (visual/audio) of this content has any issue, we request you to directly message me, thus we sort out the outcome. Regards, Radhika Business Contact: - contact.radhikasarraf@gmail.com ==================================== Tags (ignore it):- srinivasa ramanujan, ramanujan mathematician, ramanujan hindi movie, ramanujan attitude status movie, ramanujan attitude status shorts, ramanujan attitude status song, the man who knew infinity, ramanujan movie in hindi, ramanujan biography, ramanujan mathematician,srinivas ramanujan,s ramanujan, ramanujan story,srinivasa ramanujan biography,ramanujan cambridge, ramanujan summation, about ramanujan, soma de ramanujan,ramanujan and hardy, ramanujan full movie, ramanujan childhood,infinity vs ramanujan, ramanujan hindi movie,srinivasa ramanujan iyengar, ramanujan childhood stories, the man who knew infinity, the man who knew infinity interview, the man who knew infinity movie clip, the man who knew infinity clip,man who knew infinity,the man who saw infinity, the man who knew infinity hindi, the man who knew infinity trailer, the man who knew infinity trailer music, the man who knew infinity, movie in english srinivasa ramanujan,ramanujan, ramanujam, hardy ramanujan, god vs ramanujan, ramanujan story, ramanujan number, ramanujan paradox, maths vs ramanujan, story of ramanujan, srinivas ramanujan,#ramanujan number, ramanujan inifinity,hardy ramanujan number, ramanujan pradox hindi, ramanujan genius maths,srinivas ramanujam, ramanujan mathematician,ramanujan number paradox, srinivasa ramanujan movie, srinivasa iyengar ramanujan, srinivasa ramanujan namgiri devi, mathematician, indian mathematician, mathematician vs every unit, mathematicians, american mathematical society, mathematician jobs, mathematician tabs, great mathematician, mathematician movies, is god a mathematician, divine mathematician, mathematician salary, mathematician career, top mathematicians, best mathematicians top 5 mathematicians, mathematicians mind, top 10 mathematicians, mathematician education, salary of a mathematician, mathematicians national mathematics day, national mathematics day drawing, national mathematics day poster, national mathematics day drawing easy steps, mathematics day, national mathematics day speech, easy national mathematics day drawing, national mathematics day poster drawing, easy national mathematics day poster drawing, how to draw national mathematics day, national mathematics day status, essay on national mathematics day, speech on national mathematics day",#ramanujan #ramanujanmovieinhindi #ramanujanmovie #ramanujanmathematician #ramanujanstatus #ramanujanfullmovie #ramanujanattitudestatus #ramanujanshorts #ramanujanstory #ramanujanbiography #ramanujanparadox #ramanuiansummation #ramanuianfullmovieinhindi #ramanujanmagicsquare #ramanujansong #ramanujanand #ramanujanandhardy #ramanujanandinfinity #ramanujanandblackholes #ramanujananddevi #ramanujanandhiswife #ramanujanandnamagiri #ramanujanandjanaki #ramanujanandhardystory #ramanujanandnewton #ramanujanandhardytaxinumber #ramanujanandgoddess #ramanujanandhisdevi #ramanujanandgod #ramanujanandaliens #2023 #solution #proof,@radhikasarraf_official
pBYT9qFAtxU,Scams,‡§ï‡•à‡§∏‡•á ‡§≤‡•ã‡§ó ‡§¨‡§ø‡§®‡§æ OTP ‡§ï‡•á‡§≠‡•Ä ‡§Ö‡§ï‡§æ‡§â‡§Ç‡§ü ‡§ñ‡§æ‡§≤‡•Ä ‡§ï‡§∞ ‡§∞‡§π‡•á ‡§π‡•à? #fraud #finance #scams,"finance,economics,‡§ï‡•à‡§∏‡•á ‡§≤‡•ã‡§ó ‡§¨‡§ø‡§®‡§æ OTP ‡§ï‡•á‡§≠‡•Ä ‡§Ö‡§ï‡§æ‡§â‡§Ç‡§ü ‡§ñ‡§æ‡§≤‡•Ä ‡§ï‡§∞ ‡§∞‡§π‡•á ‡§π‡•à? #fraud #finance #scams",#fraud #finance #economics,@namaskarprasad
c6_-spGBaeY,Football,"Start,Bench,Sell?Ac Milan Edition","Sports,Football,Start,Bench,Sell?Ac Milan Edition",#sports #football,@goatsandsheepofficial
iujAvfcmwxc,Photography,Gazab ka Jugaad üò≥ poori Plane book krli ek Magical video ke liye ‚úàÔ∏èüò¨,Get Regular Unlimited Creative Short Photography & Videography Videos Here For Collaboration : ursmartmaker.influencer@prchitects.com Subscribe & Press Bell Icon For Daily Update Watch Full Photography & Videography Videos Here : https://youtube.com/c/UrSmartMaker,#jugaad #vlog #photography,@UrSmartMakerShorts
im0uchHlujg,Sigma,Mozang house ‡§ï‡§æ ‡§™‡§§‡§æ ‡§™‡•Ç‡§õ ‡§∞‡§π‡§æ ‡§•‡§æüî•,"Bhagat Singh, Freedom Struggle, Attitude",#southblockbuster #south #mrindianhacker #trending #subscribe #attitude #viral #like #sigmarule #bhagatsingh #pushpa2 ##love #iphone #cartoon #car #bike #r15 #summer #vlog #vlogger #kedarnath #bhajanmarg @bhajanmarg #army #narendramodi #yoga #yogi,@2minutescraftshort
laI5PWA_KC4,Food,Maharaja Platter khaya kyaüòù,Maharaja Platter khaya kyaüòù #food #thali #foodvideos #streetfood #grilledpaneer #viralfood #viral,#food #thali #foodvideos #streetfood #grilledpaneer #viralfood #viral,@Nomadiouskifd
k_8_1ZeDL6c,Sports,Jude Bellingham Goal vs Barcelona Reaction,"Football,Jude Bellingham,Sports",#football #shorts #reaction,@MoreAA9skillz
Bc2WExwMhZA,Comedy,The Rich Intern | Part : 02 |,The Rich Intern | Part : 02 | #comedy #funny #couplegoals #corporate #corporateevents #corporatelife,#comedy #richintern #corporatelife,@saintinbaggy3426
UP1mfNy6LfU,Sports,"He Celebrated too EARLY, until Efren Reyes did the IMPOSSIBLE! | Z-Shot","Don't celebrate too early like this when you're up against Efren Reyes. Surely the game isn't over until it's over with Efren Reyes. Efren accidentally made the 8-ball here, so he stays at the table without a shot on the 5-ball. This is a hill-hill match. Earl Strickland is celebrating, but watch what happens next. #efrenreyes2023 #efrenreyes #billiards #pool #9ball #shorts #reels",#sports #pool #billiards,@pooliconefrenreyes
N9DQpCirl3E,Food,Chocolate Coke,"Choclate cake food, experiment",#food #experiment #asmr,@GreatIndianAsmr
MXs8F0HpI4I,Food,Chocolate lunch box ideas @IndianFoodiesMullaShaheen,Chocolate lunch box ideas @IndianFoodiesMullaShaheen #lunchbox #trending #shorts #chocolate #viral,#food #viral #lunchbox,@Shreyacakenkitchen
9xEjybWOd2M,Comedy,Genius to tu hai nhiüòÇ wo to dikh raha hai üòÅ,Genius to tu hai nhiüòÇ wo to dikh raha hai üòÅ #viral #neet #funny #iit #jee #shorts #shortsvideo #meme,#comedy #shorts #exam preparation,@ThedawningSun24015
KbwbPN9USDw,Food recipe,Pav Bhaji Recipe Street Style Pav Bhaji Mumbai Pav bhaji,Pav Bhaji Recipe Street Style Pav Bhaji Mumbai Pav bhaji #YoutubeShorts #Shorts #PavBhaji,"#pavbhajirecipe #pavbhaji #pavbhajimasala #streetstylepavbhaji #pavbhajibananekividhi #streetfood #‡§™‡§æ‡§µ‡§≠‡§æ‡§ú‡•Ä #paobhaji #pavbhajiinhindi #bhajirecipe #pavbhajibinatawa, ‡§¨‡§æ‡§ú‡§æ‡§∞ ‡§ú‡•à‡§∏‡•Ä ‡§™‡§æ‡§µ ‡§≠‡§æ‡§ú‡•Ä ‡§ï‡•Ä ‡§∞‡•á‡§∏‡§ø‡§™‡•Ä, #mumbaistylepavbhaji, ‡§™‡§æ‡§µ‡§≠‡§æ‡§ú‡•Ä ‡§¨‡§®‡§æ‡§®‡•á ‡§ï‡§æ ‡§§‡§∞‡•Ä‡§ï‡§æ, ‡§™‡§æ‡§µ‡§≠‡§æ‡§ú‡•Ä ‡§∞‡•á‡§∏‡§ø‡§™‡•Ä, ‡§§‡§µ‡§æ ‡§™‡§æ‡§µ ‡§≠‡§æ‡§ú‡•Ä ‡§∞‡•á‡§∏‡§ø‡§™‡•Ä, ‡§™‡§æ‡§µ ‡§≠‡§æ‡§ú‡•Ä ‡§∞‡•á‡§∏‡§ø‡§™‡•Ä, #pavbhajirecipehindi #howtomakepavbhaji, #mumbaipavbhaji, #pavbhajibananekatarika, #mumbaistreetfood, #bestpavbhaji, #hindipavbhajirecipe #youtubeshorts #shorts #viralshorts #viral #recipe #viralvideos #sagarskitchen #shortvideos #kitchenhacks #trendingshorts #trending #trendingvideo #trendingstatus #trendingvideos #reels #reelsvideo #reelsindia #reelsinstagram #howtostyle #howto #reelsviral #reelvideo #reelsinsta #cooking #cookingathome #cookingvideos #cookingchannel #cookingtips #cookingvideo #cookingshow #cookingathome #sagarskitchen @SagarsKitchen @DoPahiye # Pav Bhaji Recipe Street Style Pav Bhaji Mumbai Pav bhaji #YoutubeShorts #Shorts #PavBhaji",@SagarsKitchen
Z-LlhxXtORQ,Cricket,#reels #cricket #trending #viral #shortvideo,Cricket Sports Worldcup,#cricket #cwc2023,@Tataiplfact
sf8MF9p_6cA,Music,Reality Of Music Business Exposed | Ft Sunburn CEO | Raj Shamani,"Order my first book 'Build, Don't Talk' here: https://amzn.eu/d/eCfijRu -------------- Subscribe To Our Other YouTube Channels:- https://www.youtube.com/@rajshamaniclips https://www.youtube.com/@RajShamani.Shorts üéß Stream Figuring Out episodes on Spotify: https://open.spotify.com/show/736rhmW7vilNgkFFo8aDz4 üì∫ Watch Figuring Out episodes on YouTube: https://youtube.com/playlist?list=PLE0Jo6NF_JYO5-phess8GKafKMtPv3tfZ --------------- My gear for shooting this video: Canon EOS 200D II 24.1MP DSLR Camera: https://amzn.to/3GuiPFK Canon EF50MM F/1.8 STM Lens: https://amzn.to/3WZOSoi Canon EF-S 18-55mm f/3.5-5.6: https://amzn.to/3ZpKBMy Yunteng Aluminium Tripod (Vct-690, Black): https://amzn.to/3ItEzV0 Zoom H6 All Black (2020 Version): https://amzn.to/3irUCIf Shure SM7B Cardioid Vocal Dynamic Microphone: https://amzn.to/3GPimiM Shure MV7 USB Podcast Microphone: https://amzn.to/3Xjy63d GODOX SL150II 150W LED Video Light: https://amzn.to/3XeN0aL ------------------ About Raj Shamani Raj Shamani is an Entrepreneur at heart that explains his expertise in Business Content Creation & Public Speaking. He has delivered 200+ speeches in 26+ countries. Besides that, Raj is also an Angel Investor interested in crazy minds who are creating a sensation in the Fintech, FMCG, & passion economy space. To Know More, Follow Raj Shamani On ‚§µÔ∏é Instagram @RajShamani https://www.instagram.com/rajshamani/ Twitter @RajShamani https://twitter.com/rajshamani Facebook @ShamaniRaj https://www.facebook.com/shamaniraj LinkedIn - Raj Shamani https://www.linkedin.com/in/rajshamani/ ‚Ä¢ ‚Ä¢ ‚Ä¢ #Podcast #FiguringOut #RajShamani About Figuring Out Figuring Out Podcast is a Candid Conversations University where Raj Shamani brings raw conversations with the Top 1% in India.",#Podcast #FiguringOut #RajShamani,@rajshamani
BSFQ8TgdQJQ,Food,Tomato Egg Cheese 3 Combination Great Recipe,"omelette recipe, egg recipes, cheese omelette recipe, omelette recipes, how to make an omelette, tomato omelette recipe, omelette recipe indian, omelette recipe street food, breakfast recipe, omelette recipe in tamil, omelette recipe for weight loss, omelette recipe easy, omelette recipe food fusion, omelette recipe japanese, omelette recipe simple, egg curry recipe, egg recipe, egg roll recipe, egg curry, shakshuka recipe, how to make shakshuka, easy shakshuka recipe, Tomato Egg Cheese 3 Combination Great Recip","#tomatoeggrecipe #shakshukarecipe #cheeseomelette #eggtomatorecipe #youtubeshorts #shorts #viralshorts #shortvideos #viral #viralvideos #recipe #sagarskitchen #kitchenhacks #trendingshorts #trending #trendingvideo #trend #trendingvideos #reels #reelsvideo #reelsindia #reelsinstagram #reel #instagramvideo #tiktok #tiktokviral #tiktokindia #tiktokvideos @SagarsKitchen @DoPahiye omelette recipe, egg recipes, cheese omelette recipe, omelette recipes, how to make an omelette, tomato omelette recipe, omelette recipe indian, omelette recipe street food, breakfast recipe, omelette recipe in tamil, omelette recipe for weight loss, omelette recipe easy, omelette recipe food fusion, omelette recipe japanese, omelette recipe simple, egg curry recipe, egg recipe, egg roll recipe, egg curry, shakshuka recipe, how to make shakshuka, easy shakshuka recipe, Tomato Egg Cheese 3 Combination Great Recipe #youtubeshorts #shorts #viralshorts #shakshukarecipe",@SagarsKitchen
#NAME?,"Geopolitics,News",Part - 1 When A Pakistani Visited India,Part - 1 When A Pakistani Visited India ü§ØüòÆ #shorts #pakistan #visit #india,#shorts #pakistan #visit #india,@PakistanUntold
paZCBq2FKMg,Comedy,UPSC interview of Anubhav Singh Bassi / funny interview,UPSC interview of Anubhav Singh Bassi / funny interview #standupcomedy #viral #trending #shorts,#standupcomedy #viral #trending #shorts,@ShortsLibrary.
vmxpCInDXiY,Finance,Amit Bhadana Reveals His Income | Raj Shamani,"https://www.youtube.com/@rajshamaniclips https://www.youtube.com/@RajShamani.Shorts üéß Stream Figuring Out episodes on Spotify: https://open.spotify.com/show/736rhmW7vilNgkFFo8aDz4 üì∫ Watch Figuring Out episodes on YouTube: https://youtube.com/playlist?list=PLE0Jo6NF_JYO5-phess8GKafKMtPv3tfZ --------------- My gear for shooting this video: Canon EOS 200D II 24.1MP DSLR Camera: https://amzn.to/3GuiPFK Canon EF50MM F/1.8 STM Lens: https://amzn.to/3WZOSoi Canon EF-S 18-55mm f/3.5-5.6: https://amzn.to/3ZpKBMy Yunteng Aluminium Tripod (Vct-690, Black): https://amzn.to/3ItEzV0 Zoom H6 All Black (2020 Version): https://amzn.to/3irUCIf Shure SM7B Cardioid Vocal Dynamic Microphone: https://amzn.to/3GPimiM Shure MV7 USB Podcast Microphone: https://amzn.to/3Xjy63d GODOX SL150II 150W LED Video Light: https://amzn.to/3XeN0aL ------------------ About Raj Shamani Raj Shamani is an Entrepreneur at heart that explains his expertise in Business Content Creation & Public Speaking. He has delivered 200+ speeches in 26+ countries. Besides that, Raj is also an Angel Investor interested in crazy minds who are creating a sensation in the Fintech, FMCG, & passion economy space. To Know More, Follow Raj Shamani On ‚§µÔ∏é Instagram @RajShamani https://www.instagram.com/rajshamani/ Twitter @RajShamani https://twitter.com/rajshamani Facebook @ShamaniRaj https://www.facebook.com/shamaniraj LinkedIn - Raj Shamani https://www.linkedin.com/in/rajshamani/ ‚Ä¢ ‚Ä¢ ‚Ä¢ #Podcast #FiguringOut #RajShamani About Figuring Out Figuring Out Podcast is a Candid Conversations University where Raj Shamani brings raw conversations with the Top 1% in India.",#economics #money #finance,@RajShamani
rrA5wnuGl14,Love,World full of fake love.ü§ßüò°,Love Fake World full of fake love.ü§ßüò°,#love #relationships,@itsrahulbro281
TaMMeRxZREU,Science,Ab hataun kaise ? | Hydrophobic property üò± #,Science Experiement Physics Ab hataun kaise ? | Hydrophobic property üò± #shorts #science #experiment #physics #funny,#science #relationship #shorts #science #experiment #physics #funny,@scienceandfun
hBrB2E41jUk,Travel,Oxygen ki kamiüò≠üò≠...,Oxygen ki kamiüò≠üò≠....#ladakh #laddakh #oxygen #views #vlog #trending #viral #weather #shorts #turtuk,#travel #ladakh #india #tree,"
@ashu.vlogeer_1"
5isaVXUGplQ,Movie,‡§∞‡§£‡§¨‡•Ä‡§∞ ‡§ï‡§™‡•Ç‡§∞ ‡§ï‡•à‡§∏‡•á ‡§ï‡§∞ ‡§∞‡§π‡•á ‡§π‡•à‡§Ç KGF ‡§ï‡•Ä copy by RJ bablu voto,"Bollywood, Movie,Ranbir Kapoor,Animal",‡§∞‡§£‡§¨‡•Ä‡§∞ ‡§ï‡§™‡•Ç‡§∞ ‡§ï‡•à‡§∏‡•á ‡§ï‡§∞ ‡§∞‡§π‡•á ‡§π‡•à‡§Ç KGF ‡§ï‡•Ä copy by RJ bablu voto #ranveerkapoor #kgf3 #animal #shorts,@RJ_bablu_voto
7lNmn-4K-oY,Funny,"Jhaatu ji aap khud freshie hai üòí, hamari ragging kaise le sakte haiüòÇ","Hostel Days, Ragging, College",#funny #shorts #iit #neet #fun,@ThedawningSun24015
nEdC6U8TSvI,Coding,Comedy With Code,"Welcome to the world of bite-sized learning and laughter! ü§ñüìö Get ready for a dose of education and entertainment with our AI Ki Pathshala shorts. In these quick, engaging videos ranging from 10 to 30 seconds, we blend humor and knowledge to serve up lessons on Artificial Intelligence, Data Science, Python, Databases, Machine Learning, and Deep Learning. Whether you're a seasoned tech enthusiast or a complete newbie, our shorts deliver valuable insights in a fun and approachable way. Join us on this learning journey and let's explore the exciting world of AI together. Don't forget to like, subscribe, and share the knowledge-packed laughs!",Comedy Code Data Science AI,@AIKIPATHSHALA-db2px
lKQr7Sh3quM,Sigma,‡§ó‡•ã‡§∞‡•á ‡§≤‡§Ç‡§ó‡•Ç‡§∞ ‡§ï‡•ã ‡§π‡§∞ ‡§∏‡•Å‡§µ‡§ø‡§ß‡§æ ‡§ì‡§∞ ‡§π‡§Æ‡•á‡§Ç ‡§ú‡§æ‡§®‡§µ‡§∞ ‡§∏‡§æ ‡§∏‡•Å‡§Æ‡•Å‡§ñüò±,Sigma Attitutde Freedom Fighters,#southblockbuster #south #mrindianhacker #trending #subscribe #attitude #viral #like #sigmarule #bhagatsingh #pushpa2 ##love #iphone #cartoon #car #bike #r15 #summer #vlog #vlogger #kedarnath #bhajanmarg @bhajanmarg #army #narendramodi #yoga #yogi #attitude #trending #youtubeshorts #sigmarule #like #viral #parliament #elvishyadav #indian #hacker,@2minutescraftshort
hWAfli1HVJQ,Sports,Top 3 RUN OUT Of cricket üèè history üî• ll Intresting Facts about cricket l,Top 3 RUN OUT Of cricket üèè history üî• ll Intresting Facts about cricket ll #shorts #cricket,#cricket #sports,@CricketwithAman_22
qwvs1_bfCno,Relationship,he Rich Intern | Part : 04 | @saintinbaggy4326,The Rich Intern | Part : 04 | @saintinbaggy4326 #comedy #relationship #corporate #corporatelife,#relationship #corporate life,"
@saintinbaggy4326"
BH8tM4d6-7A,Friendship,Dost aur chai ke paise üòÇüî•| indian family,Dost aur chai ke paise üòÇüî•| indian family #shorts #indian #relatable #dosti #chai,#friendship #dosti,@WerLoser
inYBbLz8ZH4,Nationalism,Parvez Musharraf smased by nationalist üáÆüá≥ muslim,Parvez Musharraf smased by nationalist üáÆüá≥ muslim,#pakistan #india,@indiannationalistcommunity
cfeFQ_Dnby0,Movie,Iron Man Attitude Status | No lie | Avengers Shorts,avengers marvel,#ironmanattitude,@avengersshorts15
vwqEGnSoWE0,Movie,Others superheroes landing vs iron man,avengers marvel,#ironmanattitude #marvel,@avengersshorts15
89bsYFXEAXY,Movie,Coldest moment in marvel  Iron man status,avengers marvel,#ironmanattitude #marvel,@avengersshorts15
EsMhQLnfxeM,Movie,Coldest moment in marvel Thor attitude status,marvel,#thor ,@avengersshorts15
Np-xI2Y-gZM,Movie,Tony & Pepper Sad Status | Avengers Shorts,mavel,#ironman,@avengersshorts15
7BEvGDDOGZ8,Movie,Captain & Spiderman status | wait for spiderman,marvel,#ironman #marvel,@avengersshorts15
gVXR3bBwaRg,Movie,Normal transformation Vs super transformation ,transformation ,#shorts #marvel #transformation,@Syzo90syt
HUcD7toQw0c,Movie,Who can Defeat THANOS in The AVENGERS ,marvel, #marvel #marvelsavengers #avengers #marvelcharacter,@SpireRev
t_98A5gJWQg,painting,Easy pencil drawing,drawing,#shorts #viral #artistomg #drawing,@artistrupali
